{
  "train_loss": [
    0.9371275152635137,
    0.6540408670355421,
    0.6009544592697373,
    0.5883184829201955,
    0.5780922854868488,
    0.5605315583249063,
    0.5532531022713038,
    0.5425722766594369,
    0.5260783867864122,
    0.5309108496884062,
    0.5175582259541883,
    0.5099056817757193,
    0.5133383937306986,
    0.5044476725014603,
    0.5132708119846109,
    0.510739419594661,
    0.5123892570229377,
    0.5036424224998504,
    0.49507054916996784,
    0.49817733788865265
  ],
  "train_acc": [
    68.2994757536042,
    87.33617300131061,
    91.10419397116645,
    91.98885976408913,
    92.44757536041939,
    93.54521625163827,
    94.57732634338139,
    95.478374836173,
    96.23197903014417,
    96.52686762778507,
    96.49410222804718,
    97.44429882044561,
    97.42791612057667,
    97.41153342070773,
    97.34600262123197,
    97.14941022280472,
    97.41153342070773,
    97.90301441677589,
    98.09960681520315,
    97.98492791612058
  ],
  "val_loss": [
    0.9356196627391901,
    0.8565118570627736,
    0.8177413911525732,
    0.8062357469748701,
    0.8027556908083775,
    0.7745645388394476,
    0.7668072690657519,
    0.749960502431402,
    0.7368408760268285,
    0.7283769667070471,
    0.7241052457889442,
    0.7222217665118597,
    0.7160192822566351,
    0.7168486240963167,
    0.7169444853950141,
    0.7158362186595622,
    0.7068127978051162,
    0.7038217842344532,
    0.6999916572558301,
    0.6989094493117276
  ],
  "val_acc": [
    86.50065530799476,
    92.20183486238533,
    93.5124508519004,
    95.41284403669725,
    94.36435124508519,
    96.4613368283093,
    96.26474442988204,
    97.3132372214941,
    97.77195281782437,
    98.09960681520315,
    98.1651376146789,
    98.23066841415465,
    98.36173001310615,
    98.42726081258192,
    98.2961992136304,
    98.23066841415465,
    98.88597640891219,
    98.88597640891219,
    99.08256880733946,
    98.75491480996068
  ],
  "learning_rates": [
    2.7230746418436735e-05,
    1.9980746418436735e-05,
    1.1019253581563263e-05,
    3.769253581563263e-06,
    2.9999999999999997e-05,
    2.9290319486279726e-05,
    2.7230746418436735e-05,
    2.4022886158240857e-05,
    1.9980746418436735e-05,
    1.5499999999999997e-05,
    1.1019253581563263e-05,
    6.97711384175914e-06,
    3.769253581563263e-06,
    1.7096805137202737e-06,
    2.9999999999999997e-05,
    2.9821480938629495e-05,
    2.9290319486279726e-05,
    2.841959460073133e-05,
    2.7230746418436735e-05,
    2.5753048327204935e-05
  ]
}